conflictName,date,territoryChange,result,lat,long
War of the Third Coalition,1805-04-11,http://dbpedia.org/resource/Peace_of_Pressburg_(1805),French victory,50,14
Battle of Ulm,1805-10-19,France gains control over Bavaria,French victory,48.38330078,9.983300209
Battle of Austerlitz,1805-12-02,Dissolution of the Holy Roman Empire and creation of the Confederation of the Rhine,French victory,49.12805557,16.76250076
War of the Fourth Coalition,1806-10-09,http://dbpedia.org/resource/Treaties_of_Tilsit,French victory,50,14
Battle of Jena–Auerstedt,1806-10-14,occupies Prussia,Frenchvictory,50.92722321,11.58611107
Siege of Magdeburg (1806),1806-11-08,0001-11-11,French victory,52.13330078,11.61670017
Great Sortie of Stralsund,1807-04-03,French army pushed out of Swedish Pomerania,Swedish victory,54.30916595,13.08194447
Battle of Corunna,1809-01-16,Fall of Northern Spain to the French Empire,See [[#Analysis,43.33250046,-8.412500381
Austro-Polish War,1809-04-10,"Austria cedes Lublin, Kraków, Siedlce and Zamość district to the Duchy of Warsaw and Tarnopol to the Russian Empire",Polish victory,52.29999924,21
Battle of Raszyn (1809),1809-04-19,Austrians capture Warsaw,Austrian victory,52.15888977,20.92638969
Battle of Slobozia,1811-11-14,http://dbpedia.org/resource/Treaty_of_Bucharest_(1812),Russian victory,43.85825348,25.90683937
Battle of Salamanca,1812-07-22,The French abandon the region of Andalusia,Coalition victory,40.88916779,-5.624722004
Battle of Borodino,1812-09-07,http://dbpedia.org/resource/French_occupation_of_Moscow,See,55.51666641,35.81666565
Battle of Leipzig,1813-10-19,"Dissolution of the Rhine Confederation
* France loses complete control of all territories east of the Rhine",Coalition victory,52.40000153,13
Battle of Paris (1814),1814-03-31,"* Redrawing of the map of Europe
* First Treaty of Paris
* Early stages of the Congress of Vienna",Coalition victory,48.85660172,2.351799965
Battle of Adrianople (1829),1829-08-08,http://dbpedia.org/resource/Treaty_of_Adrianople_(1829),Russian victory,41.67710114,26.5554409
Battle of Warsaw (1831),1831-08-27,Paskevich's troops capture Warsaw,Russian victory,52.22722244,20.94305611
Battle of Węgrów,1863-02-03,Polish forces capture town and retreat,Polish victory,52.40000153,22.01666641
Battle of Opatów (1863),1863-11-25,Polish rebels manage to occupy Opatów,Polishvictory,50.80500031,21.42472267
Siege of Metz (1870),1870-10-27,Metz occupied by the allied German armies,German victory,49.1202774,6.177777767
Siege of Belfort,1870-11-03,Belfort is excluded from the French territorial concessions to Germany,France fails to break the encirclement,47.63790131,6.862800121
Battle of Plovdiv (1878),1878-01-16,Russians capture Edirne,Russian victory,42.15000153,24.75
Battle of Ulcinj (1880),1880-11-22,Ulcinj would later be ceded to Montenegro,Ottoman victory,41.91666794,19.20000076
Battle of Chios (1912),11/24/1912,Greeks capture Chios from the Ottomans,Greek victory,38.37749863,26.06500053
Capture of Korytsa,12/20/1912,Greeks capture Korçë,Greek victory,40.61402512,20.77777863
Siege of Adrianople (1913),7/23/1913,"In addition to Edirne, Kırklareli and Dimetoka join the Ottoman lands.",Ottoman victory,41.67694473,26.55555534
Great Retreat,9/5/1914,Allied forces retreated to a line from Verdun to Rheims and Paris,German victory,49.5,2.833333254
Battle of Galicia,9/11/1914,Russian occupation of Eastern Galicia and Northern Bukovina,Russian victory,49.84999847,24.01670074
First Battle of the Marne,9/14/1914,German advance to Marne repulsed,Ententevictory,49.01666641,3.383333445
Siege of Antwerp (1914),10/10/1914,Belgian army withdraws west to Yser river,German victory,51.22000122,4.409999847
Battle of the Yser,10/31/1914,Yser Front created,Allied victory,51.15277863,2.723055601
Second Battle of the Masurian Lakes,2/28/1915,Russian forces evacuate East Prussia,German victory,54,22
Battle of Neuve Chapelle,3/13/1915,Capture of Neuve Chapelle village,See [[#Aftermath,50.58499908,2.777499914
Raid on Porto Buso,5/24/1915,Porto Buso captured,Italian victory,45.71666718,13.25555515
Battle of Festubert,5/25/1915,Minor British gains,German victory,50.54388809,2.736111164
Second Battle of Ypres,5/25/1915,British withdraw to a new line 3 miles closer to Ypres,See [[#Analysis,50.89944458,2.940555573
Second Battle of Artois,6/18/1915,French regain ; British advance  at Festubert,See [[#Aftermath,50.5,2.75
Gorlice–Tarnów offensive,7/13/1915,Russian forces retreat from Galicia and Polish salient,Central powers victory,49.70000076,21.20000076
Third Battle of Artois,11/4/1915,Advance of the Entente front line in Artois by,See [[#Analysis,50.5,2.75
Actions of St Eloi Craters,4/16/1916,The St eloi craters re-captured by the Germans,German victory,50.81000137,2.891944408
Battle of the Somme,7/1/1916,Bulge driven into the Noyon Salient,Inconclusive,50.01555634,2.69749999
Battle of Gorizia (1916),8/16/1916,"Capture of Gorizia, Sabotino, Oslavia-Podgora and San Michele",Italian victory,45.93299866,13.61600018
Seventh Battle of the Isonzo,9/17/1916,"Soča River Valley, Slovenia",Italian tactical victory,45.93299866,13.61600018
Battle of Flers–Courcelette,9/22/1916,"Flers, Courcelette and vicinity captured",British victory,50.05888748,2.7477777
"Operations on the Ancre, January–March 1917",3/13/1917,"Ancre valley, Artois",British victory,50.06666565,2.700000048
Operation Alberich,3/20/1917,Noyon and Bapaume salients abandoned,German success,49.5,2.833333254
Battle of Messines (1917),6/14/1917,Messines–Wytschaete Ridge re-captured,British victory,50.76250076,2.895277739
Riga offensive (1917),9/5/1917,Germans capture Riga,German victory,56.96944427,24.32333374
Battle of Caporetto,11/19/1917,Central Powers advance  to the Piave River,Central Powers victory,46.21444321,13.64249992
Battle of Cambrai (1917),12/7/1917,"* British capture Havrincourt, Flesquières, Ribécourt-Dreslincourt
* Germans capture Gonnelieu",SeeAftermathsection,50.17666626,3.235555649
Battle of Moreuil Wood,3/30/1918,German victory. German forces gain control of Moreuil Wood and its surrounding area on the Somme river.,SeeAftermathsection,49.78305435,2.5
Operation Michael,4/5/1918,Germans penetrate British lines up to  while seizing  of territory,See ''[[#Aftermath,49.79999924,2.799999952
Battle of Ahvenkoski,5/5/1918,Surrender of Red Finland,German–White victory,60.49777222,26.45959473
Third Battle of the Aisne,6/6/1918,Germans achieve 55 km breakthrough of Allied lines that comes within 56 km of Paris,See [[#Aftermath,49.38333511,3.733333349
German spring offensive,7/18/1918,German armies make gains along sections of the Western Front.,See [[#Aftermath,50.0027771,2.652777672
Battle of Drocourt-Quéant Line,9/3/1918,"German army withdrew  to the Hindenburg Line, February–March 1917",Canadian and British victory,50.39194489,2.92750001
Battle of St Quentin Canal,10/10/1918,Total break of Hindenburg Line,Allied victory,49.97499847,3.231666565
Meuse–Argonne offensive,11/11/1918,"* French forces advance 32 km and liberate Le Chesne and Sedan
* American forces advance 16 km",Allied victory,49.27249908,5.141944408
Battle of Petrograd,11/14/1919,Soviets successfully defend Petrograd,* Dissolution of theNorthwest Army,60.04999924,31.75
Szomoróc uprising,8/1/1920,"Szomoróc temporarily incorporated into the Kingdom of Serbs, Croats and Slovenes",*See [[#Aftermath,46.7881012,16.34395981
Siege of Perekop (1920),11/17/1920,Crimean Peninsula was captured by the Bolsheviks,Soviet–Makhnovist victory,46.15000153,33.68333435
Battle of Kiev (1918),2/5/1923,Capture of Kiev by Bolsheviks,Bolshevikvictory,50.45000076,30.5233326
Battle of Bilbao,6/19/1937,Nationalists capture Biscay from Republicans,Nationalist victory,43.25,-2.916666746
Bombing of Wieluń,9/1/1939,Destruction of civilian infrastructure,* Beginning of World War II,51.22000122,18.56900024
Battle of Wilno (1939),9/19/1939,Wilno is transferred to the Republic of Lithuania,Soviet victory,54.66666794,25.31666756
Capture of Arendal,4/9/1940,Germans capture Arendal,German victory,58.4253006,8.762000084
Capture of Egersund,4/9/1940,Germans capture Egersund,German victory,58.44869995,5.991899967
Mediterranean and Middle East theatre of World War II,5/15/1940,"Italy ceded all its African colonies to the Allies, restored Albanian independence, and gave some territory to Yugoslavia and Greece",Alliedvictory,35,18
Siege of Lille (1940),5/31/1940,German capture of Lille,See [[#Aftermath,50.63333511,3.066666603
Attack on Riga (1941),7/1/1941,http://dbpedia.org/resource/German_occupation_of_Latvia_during_World_War_II,German victory; Riga captured by Wehrmacht,56.95000076,24.10000038
Siege of Leningrad,9/8/1941,Axis forces are repelled  away from Leningrad,Soviet victory,59.93027878,30.31916618
Battle of Kiev (1941),9/26/1941,German occupation of Kiev,German victory,50.45360184,30.51639938
Operation Corkscrew,6/11/1943,Allied occupation of the islands,Allied victory,36.78749847,11.99250031
Battle of Kursk,7/5/1943,Soviets regain initiative to strike in southern Ukraine,Soviet victory,51.70000076,36.09999847
Battle of Rhodes (1943),9/11/1943,German occupation of Rhodes,Germanvictory,36.33666611,27.92000008
Battle of Kos (1943),10/4/1943,German occupation of Kos,Germanvictory,36.79090118,27.07119942
Battle of Lenino,10/13/1943,Limited territorial gains for the Soviet-Polish forces,"Indecisive, See [[#Aftermath",54.41139984,31.12280083
Battle of Kiev (1943),11/13/1943,"*Red Army breaks out of Dnieper bridgehead
*Axis forces expelled from Kiev",Soviet victory,50.40000153,30.54000092
Kamenets–Podolsky pocket,3/20/1944,"* Expulsion of Axis forces from most of Ukraine
* Red Army enters Eastern Poland
* Red Army enters parts of Czechoslovakia","*1st Panzer Armyencircled, eventually breaks out, albeit debilitated",49,26.5
Normandy landings,6/6/1944,Five Allied beachheads established in Normandy,Allied victory,49.34000015,-0.600000024
Operation Windsor,7/5/1944,Carpiquet village captured by Canadians,Canadian victory,49.18500137,-0.444999993
Battle of Vyborg Bay (1944),7/10/1944,Soviets capture the main Vyborg Bay islands,Finnish defensive victory,60.58333206,28.5
Operation Ostra Brama,7/13/1944,0001-07-13,Operation failed,54.68333435,25.31666756
Liberation of Paris,8/25/1944,Paris liberated,Alliedvictory,48.87350082,2.296420097
Operation Chastity,9/7/1944,"Allies liberate Brittany with the exception of Brest, Lorient and Quiberon Peninsular.",SeeDebate,47.58333206,-2.933333397
Battle of Jaktorów,9/29/1944,Poland under German occupation,Germany Victory,52.09008789,20.5197525
Warsaw Uprising,10/2/1944,"* Soviet Lublin–Brest Offensive halted
* 80–90% of Warsaw destroyed",German victory,52.22999954,21.01083374
Battle of Memel,10/22/1944,The Soviet Union annexes Memel and returns it to the Lithuanian SSR,Soviet victory,55.66666794,21.5
Battle of the Scheldt,11/8/1944,Antwerp opened to Allied shipping,Allied victory,51.41666794,4.166666508
Battle of Metz,12/13/1944,The US occupy the city of Metz,American victory,49.1202774,6.177777767
Battle of Königsberg,4/9/1945,Königsberg and its surrounding areas are annexed by the Soviet Union,Soviet victory,54.71670151,20.51670074
Battle of the Seelow Heights,4/19/1945,Soviet encirclement of Berlin,Soviet victory,52.52980423,14.42608356
Battle of Berlin,5/2/1945,Soviet Union occupies eastern Germany,Soviet victory,52.51861191,13.37611103
Attack on Hrubieszów,5/27/1946,Temporary control of Hrubieszów,AK-UPA victory,50.81666565,23.88333321
Vlora incident,6/8/1961,The Albanian Army seized control of the Soviet Naval Base,Albanian victory,40.32389069,19.41916656
1991 Yugoslav campaign in Croatia,9/20/1991,Republic of Serbian Krajina formed as a self-proclaimed Serb proto-state from Croatia,Yugoslav People's Armyvictory,45.29000092,18.97999954
Battle of Zadar,10/5/1991,SAO Krajina expanded territory under its control,Ceasefire,44.11999893,15.22999954
Siege of Sarajevo,3/2/1992,Sarajevo split between RS and FBiH in Eastern Sarajevo for the Serbs and Sarajevo for the Bosniaks,Military stalemate,43.84759903,18.35639954
Battle of Kupres (1992),4/11/1992,The JNA and VRS successfully capture the Kupres plateau,Yugoslav People's Armyvictory,43.99306107,17.27633095
Siege of Srebrenica,5/9/1992,"* Republika Srpska captures the Srebrenica enclave
* Srebrenica massacre begins",Army of Republika Srpskavictory,44.10416794,19.29722214
Operation Corridor 92,10/6/1992,"VRS gained the territories of Derventa, Odžak, Modriča, Brod and surroundings",Army of Republika Srpskavictory,45.14470673,17.99986076
Bugojno Three case,7/29/1993,ARBiH captured the municipality of Bugojno,ARBiH victory,44.04999924,17.45000076
Battle of Bugojno,7/29/1993,ARBiH captured the municipality of Bugojno,ARBiH victory,44.04999924,17.45000076
Battle of Grozny (1994–1995),12/22/1994,Capture of eastern and northern Chechnya by the Russian federal forces,Russian victory,43,19
Operation Flash,5/3/1995,Croatia secured  of its territory.,Croatian strategic victory,45.25999832,17.20000076
Operation Stupčanica '95,7/26/1995,Žepa enclave incorporated into the Republika Srpska,Army of Republika Srpskavictory,43.95000076,19.11666679
Siege of Žepa,7/26/1995,Žepa enclave incorporated into the Republika Srpska,Army of Republika Srpskavictory,43.95000076,19.11666679
Operation Storm,8/7/1995,Croatia regained  of territory.,Croatian and Bosnian victory,44.04000092,16.20000076
Operation Mistral 2,9/15/1995,"Croatian forces capture the towns of Jajce, Drvar and Šipovo",Croatian victory,44.34282684,17.26826859
Operation Una,9/19/1995,"Republika Srpska retains control over Bosanska Kostajnica, Novi Grad and Bosanska Dubica",Army of Republika Srpskavictory,45.17991257,16.8014183
Operation Sana,10/13/1995,"ARBiH captures Bosanska Krupa, Bosanski Petrovac, Ključ and Sanski Most",Bosnian victory,44.76945877,16.65186691
Battle of Junik,8/16/1998,Yugoslav government regains control of Junik,Yugoslav victory,42.48333359,20.28333282
Insurgency in the Preševo Valley,6/12/1999,"FR Yugoslavia regains control of demilitarized Ground Safety Zone, including around  previously held by the UÇPMB",* Amnesty for UÇPMB members,42.30559921,21.64279938
Battle of Bukoc,12/8/2000,UÇPMB forces capture Bukoc,UÇPMB victory,42.36055374,21.64861107
Battle of Oraovica,5/14/2001,Yugoslav forces regain control over Oraovica,Yugoslav victory,42.32166672,21.6558342
Battle of Idlib (2012),3/13/2012,Syrian government forces regain control over Idlib,Syrian government victory,35.92969894,36.63169861
Battle of Tremseh,7/12/2012,Syrian government forces regain control of Tremseh,Syrian government victory,35.27305603,36.5047226
Siege of Menagh Air Base,8/2/2012,* Rebels capture the Menagh Air Base,Rebel victory,36.52194595,37.04111099
Battle of Raqqa (2013),3/6/2013,Rebels seize Raqqa from government forces,Rebel victory,35.95000076,39.01670074
Capture of the Crimean Parliament,2/27/2014,0001-03-18,Russian victory,44.95166779,34.09669113
2014 Russian take down of the Verkhovna Rada of Crimea,2/27/2014,0001-03-18,Russian victory,44.95166779,34.09669113
War of the Fifth Coalition,4/10/2014,"Various Austrian territories were ceded:
* Illyrian Provinces to France
* Salzburg to Bavaria
* West Galicia to Duchy of Warsaw
* Tarnopol to Russia",French victory,50,14
Siege of Sloviansk,4/12/2014,Withdrawal of Russia's DPR People's Militia to the city of Donetsk,Ukrainian victory,48.86999893,37.625
Siege of Kobanî,9/15/2014,0001-03-20,Rojava Federationvictory,36.88970184,38.35559845
Second Battle of Donetsk Airport,9/28/2014,"* Ukrainian forces withdraw from Donetsk airport to Pisky
* Successful DPR capture of the Donetsk airport",DPR-Russian victory,48.07360077,37.73970032
Battle of Debaltseve,2/20/2015,"DPR and LPR forces capture Debaltseve, Vuhlehirsk, Lohvynove and four other villages",DPR and LPR victory,48.37990189,38.34540176
Battle of Idlib (2015),3/28/2015,"* Rebels capture Idlib city and besiege Kafarya and al-Fu'ah, while government forces retreat to al-Mastouma",Rebel victory,35.64360046,36.6996994
Gošince attack,4/21/2015,Macedonian border police control over the Gošince post restored after the departure of militants,Departure of the militants and hostages escaped,42.21409988,21.51720047
Battle of Sarrin (June–July 2015),6/18/2015,0001-07-27,YPG-led victory,36.58750153,38.29972076
Shyrokyne standoff,7/3/2015,"* Ukrainian forces capture Shyrokyne, Pavlopil, Kominternovo and Oktyabyr
* Separatists recapture Pavlopil, Pyshchevyk, Vodyane, Kominternovo, Oktyabyr and much of Shyrokyne
* Ukrainian forces once again capture Pavlopil, Pyshchevyk and Vodyane
* Separatists withdraw from Shyrokyne, which is destroyed by the fighting, and it becomes a demilitarized zone",Ceasefire,47.11119843,37.6780014
Tell Abyad offensive,7/10/2015,"* The YPG captures Tell Abyad, Suluk, Ayn Issa, 32+ villages, the Brigade 93 base and part of the M4 Highway in northern Raqqa
* The YPG & FSA geographically connects the Kobani Canton with the Jazira Canton.",Major YPG-led victory,36.69729996,38.95510101
Tishrin Dam offensive,12/30/2015,"* The SDF captures Tishrin Dam and Tishrin town
* The SDF captures over 100 villages and",Major SDF victory,36.38140106,38.17860031
Operation Euphrates Shield,8/24/2016,"Turkish-backed Syrian rebels captured a total of , including 230 settlements, increasing FSA-controlled territory in the region to ; Islamic State of Iraq and the Levant-held territory along the Turkish–Syrian border completely captured by the Turkish-backed rebels",Turkish and TFSA victory,36.81900024,38.01100159
Raqqa campaign (2016–2017),11/6/2016,"The SDF captures more than  of territory from ISIL during the first, second and third phases of the campaign",Decisive SDF /CJTF-OIRvictory,35.95000076,39.00999832
Battle of Tabqa,5/10/2017,"* The SDF gains a foothold south of the Euphrates
* The SDF captures Tabqa Airbase, Tabqa city, Tabqa Dam, and more than 8 villages",MajorSDFvictory,35.83670044,38.54809952
Battle of Raqqa (2017),10/17/2017,0001-06-08,* 80% of the city is destroyed,35.95000076,39.01670074
Capture of Chernobyl,2/24/2022,Russia captures the Chernobyl Exclusion Zone and Chernobyl Nuclear Power Plant; withdraws in April 2022,Russian victory,51.26666641,30.21666718
Battle of Antonov Airport,2/25/2022,0001-04-02,See: [[#Analysis,50.59083176,30.20750046
Battle of Popasna,4/18/2022,Russian and LPR forces capture Popasna,Russian victory,48.61666489,38.34999847
Siege of Mariupol,5/20/2022,Russia captures the city of Mariupol,Russian victory,47.09799957,37.61000061
Battle of Soledar,8/3/2022,Russian forces capture Soledar,Russian victory,48.69083405,38.07416534
Battle of Avdiivka (2023–2024),10/10/2023,Russian forces capture Avdiivka and some surrounding villages,Russian victory,48.13000107,37.77000046
